id;path;name;jhi_desc;jhi_order
1;copying New Hampshire;alarm;Timor-Leste;8984
2;Plaza Handmade Fresh Mouse reboot;tan;Delaware;12143
3;Rhode Island Cotton Louisiana;Architect deposit out-of-the-box;cyan Practical;72815
4;Ergonomic Granite Table Personal Loan Account quantify;bandwidth Interactions Analyst;repurpose;10109
5;mindshare;Montana revolutionary;Valleys Philippines SCSI;37363
6;Alaska bluetooth Pike;SCSI;pink;67288
7;impactful vortals Route;Convertible Marks;Home Loan Account;69331
8;Tasty plum;portal connect;Plains;18209
9;Investment Account Future Fantastic Cotton Keyboard;Berkshire;toolset Money Market Account European Monetary Unit (E.M.U.-6);21675
10;California;Plastic;ubiquitous adapter;47385
